<aiskillconfig uniquename="ais_FormFillFieldOptOut_account_revops_mrrcad">
  <aiskill>FormFillFieldOptOut</aiskill>
  <attribute>
    <entityid.logicalname>account</entityid.logicalname>
    <logicalname>revops_mrrcad</logicalname>
  </attribute>
  <description>account - MRR (CAD) Form fill opt out</description>
  <entity>
    <logicalname>account</logicalname>
  </entity>
  <iscustomizable>1</iscustomizable>
  <scope>1</scope>
  <statecode>0</statecode>
  <statuscode>1</statuscode>
</aiskillconfig>