<appaction uniquename="crdd4__TransferCase!fec03831854946f2beb5acca561dc77b!msdyn_CustomerServiceWorkspace!incident!0">
  <appmoduleid>
    <uniquename>msdyn_CustomerServiceWorkspace</uniquename>
  </appmoduleid>
  <buttonlabeltext default="Transfer Case">
    <label description="Transfer Case" languagecode="1033" />
  </buttonlabeltext>
  <context>1</context>
  <contextentity>
    <logicalname>incident</logicalname>
  </contextentity>
  <contextvalue>incident</contextvalue>
  <fonticon>$clientsvg:FollowUser</fonticon>
  <hidden>0</hidden>
  <iscustomizable>1</iscustomizable>
  <isdisabled>0</isdisabled>
  <isgrouptitlehidden>0</isgrouptitlehidden>
  <location>0</location>
  <name>TransferCase!fec03831854946f2beb5acca561dc77b</name>
  <onclickeventjavascriptfunctionname>triggerTransferCase</onclickeventjavascriptfunctionname>
  <onclickeventjavascriptparameters>[]</onclickeventjavascriptparameters>
  <onclickeventjavascriptwebresourceid>
    <webresourceid>c10229fb-3ef5-ef11-be20-7c1e52409afe</webresourceid>
  </onclickeventjavascriptwebresourceid>
  <onclickeventtype>2</onclickeventtype>
  <origin>0</origin>
  <sequence>100100045.2500000000</sequence>
  <statecode>0</statecode>
  <statuscode>1</statuscode>
  <type>0</type>
  <visibilitytype>0</visibilitytype>
</appaction>