<aiskillconfig uniquename="ais_FormFillFieldOptOut_revops_solutioncategory_revops_description">
  <aiskill>FormFillFieldOptOut</aiskill>
  <attribute>
    <entityid.logicalname>revops_solutioncategory</entityid.logicalname>
    <logicalname>revops_description</logicalname>
  </attribute>
  <description>revops_solutioncategory - Description Form fill opt out</description>
  <entity>
    <logicalname>revops_solutioncategory</logicalname>
  </entity>
  <iscustomizable>1</iscustomizable>
  <scope>1</scope>
  <statecode>0</statecode>
  <statuscode>1</statuscode>
</aiskillconfig>