<environmentvariabledefinition schemaname="revops_queuecloudpbxl3">
  <description default="environment variable for the Queue - CloudPBX - L3">
    <label description="environment variable for the Queue - CloudPBX - L3" languagecode="1033" />
  </description>
  <displayname default="Queue - CloudPBX - L3">
    <label description="Queue - CloudPBX - L3" languagecode="1033" />
  </displayname>
  <introducedversion>1.0.0.0</introducedversion>
  <iscustomizable>1</iscustomizable>
  <isrequired>0</isrequired>
  <secretstore>0</secretstore>
  <type>100000000</type>
</environmentvariabledefinition>