<environmentvariabledefinition schemaname="revops_queuelevel2">
  <description default="environment variable for the Queue - Level 2">
    <label description="environment variable for the Queue - Level 2" languagecode="1033" />
  </description>
  <displayname default="Queue - Level 2">
    <label description="Queue - Level 2" languagecode="1033" />
  </displayname>
  <introducedversion>1.0.0.0</introducedversion>
  <iscustomizable>1</iscustomizable>
  <isrequired>0</isrequired>
  <secretstore>0</secretstore>
  <type>100000000</type>
</environmentvariabledefinition>