<aiskillconfig uniquename="ais_FormFillFieldOptOut_incident_revops_nceenforcementpolicy">
  <aiskill>FormFillFieldOptOut</aiskill>
  <attribute>
    <entityid.logicalname>incident</entityid.logicalname>
    <logicalname>revops_nceenforcementpolicy</logicalname>
  </attribute>
  <description>incident - NCE Enforcement Policy Form fill opt out</description>
  <entity>
    <logicalname>incident</logicalname>
  </entity>
  <iscustomizable>1</iscustomizable>
  <scope>1</scope>
  <statecode>0</statecode>
  <statuscode>1</statuscode>
</aiskillconfig>