{
  "properties": {
    "connectionReferences": {
      "shared_commondataserviceforapps-1": {
        "api": {
          "name": "shared_commondataserviceforapps"
        },
        "connection": {
          "connectionReferenceLogicalName": "new_sharedcommondataserviceforapps_44694"
        },
        "runtimeSource": "embedded"
      }
    },
    "definition": {
      "$schema": "https://schema.management.azure.com/providers/Microsoft.Logic/schemas/2016-06-01/workflowdefinition.json#",
      "contentVersion": "1.0.0.0",
      "parameters": {
        "$authentication": {
          "defaultValue": {},
          "type": "SecureObject"
        },
        "$connections": {
          "defaultValue": {},
          "type": "Object"
        }
      },
      "triggers": {
        "[Do not delete or update] Invoked Through Execution Workflow Call": {
          "type": "OpenApiConnectionWebhook",
          "inputs": {
            "parameters": {
              "subscriptionRequest/message": 3,
              "subscriptionRequest/entityname": "slakpiinstance",
              "subscriptionRequest/scope": 4,
              "subscriptionRequest/filteringattributes": "versionnumber,createdon"
            },
            "host": {
              "apiId": "/providers/Microsoft.PowerApps/apis/shared_commondataserviceforapps",
              "operationId": "SubscribeWebhookTrigger",
              "connectionName": "shared_commondataserviceforapps-1"
            }
          },
          "metadata": {
            "operationMetadataId": "98f67cd4-b35e-43c1-b482-2ccf79a95f30"
          }
        }
      },
      "actions": {
        "[Do not delete or update] Switch": {
          "type": "Switch",
          "expression": "@triggerOutputs()?['body/status']",
          "default": {
            "actions": {}
          },
          "cases": {
            "[Do not delete] Is Near Non Compliance.": {
              "actions": {
                "Update_a_row": {
                  "type": "OpenApiConnection",
                  "inputs": {
                    "parameters": {
                      "entityName": "incidents",
                      "recordId": "@triggerOutputs()?['body/_regarding_value']",
                      "item/prioritycode": 2,
                      "item/firstresponseslastatus": 2
                    },
                    "host": {
                      "apiId": "/providers/Microsoft.PowerApps/apis/shared_commondataserviceforapps",
                      "operationId": "UpdateOnlyRecord",
                      "connectionName": "shared_commondataserviceforapps-1"
                    }
                  },
                  "metadata": {
                    "operationMetadataId": "fa1b35e1-1c7e-46b4-8680-6f783b1c3dcc"
                  }
                }
              },
              "case": 2
            },
            "[Do not delete] Is Succeeded.": {
              "actions": {
                "Update_a_row_2": {
                  "type": "OpenApiConnection",
                  "inputs": {
                    "parameters": {
                      "entityName": "incidents",
                      "recordId": "@triggerOutputs()?['body/_regarding_value']",
                      "item/prioritycode": 3,
                      "item/firstresponseslastatus": 3
                    },
                    "host": {
                      "apiId": "/providers/Microsoft.PowerApps/apis/shared_commondataserviceforapps",
                      "operationId": "UpdateOnlyRecord",
                      "connectionName": "shared_commondataserviceforapps-1"
                    }
                  },
                  "metadata": {
                    "operationMetadataId": "f54bb736-6f2f-4787-ad7c-1df17936649b"
                  }
                }
              },
              "case": 4
            },
            "[Do not delete] Is Non-compliant.": {
              "actions": {
                "Update_a_row_3": {
                  "type": "OpenApiConnection",
                  "inputs": {
                    "parameters": {
                      "entityName": "incidents",
                      "recordId": "@triggerOutputs()?['body/_regarding_value']",
                      "item/prioritycode": 1,
                      "item/firstresponseslastatus": 4
                    },
                    "host": {
                      "apiId": "/providers/Microsoft.PowerApps/apis/shared_commondataserviceforapps",
                      "operationId": "UpdateOnlyRecord",
                      "connectionName": "shared_commondataserviceforapps-1"
                    }
                  },
                  "metadata": {
                    "operationMetadataId": "4e15ecc2-e67d-4cc2-b794-41e3793114bc"
                  }
                }
              },
              "case": 1
            }
          },
          "runAfter": {
            "Update_a_row_1": [
              "Succeeded"
            ]
          },
          "metadata": {
            "operationMetadataId": "78636baf-06c9-4266-ad6a-4540480342df"
          }
        },
        "Update_a_row_1": {
          "type": "OpenApiConnection",
          "inputs": {
            "parameters": {
              "entityName": "incidents",
              "recordId": "@triggerOutputs()?['body/_regarding_value']",
              "item/responseby": "@triggerOutputs()?['body/computedfailuretime']"
            },
            "host": {
              "apiId": "/providers/Microsoft.PowerApps/apis/shared_commondataserviceforapps",
              "operationId": "UpdateOnlyRecord",
              "connectionName": "shared_commondataserviceforapps-1"
            }
          },
          "runAfter": {}
        }
      },
      "outputs": {}
    },
    "templateName": null
  },
  "schemaVersion": "1.0.0.0"
}