{
  "properties": {
    "connectionReferences": {
      "shared_commondataserviceforapps-1": {
        "api": {
          "name": "shared_commondataserviceforapps"
        },
        "connection": {
          "connectionReferenceLogicalName": "new_sharedcommondataserviceforapps_44694"
        },
        "runtimeSource": "embedded"
      }
    },
    "definition": {
      "$schema": "https://schema.management.azure.com/providers/Microsoft.Logic/schemas/2016-06-01/workflowdefinition.json#",
      "contentVersion": "1.0.0.0",
      "parameters": {
        "$authentication": {
          "defaultValue": {},
          "type": "SecureObject"
        },
        "$connections": {
          "defaultValue": {},
          "type": "Object"
        }
      },
      "triggers": {
        "[Do not delete or update] Invoked Through Execution Workflow Call": {
          "type": "OpenApiConnectionWebhook",
          "inputs": {
            "parameters": {
              "subscriptionRequest/message": 3,
              "subscriptionRequest/entityname": "slakpiinstance",
              "subscriptionRequest/scope": 4,
              "subscriptionRequest/filteringattributes": "versionnumber,createdon"
            },
            "host": {
              "apiId": "/providers/Microsoft.PowerApps/apis/shared_commondataserviceforapps",
              "operationId": "SubscribeWebhookTrigger",
              "connectionName": "shared_commondataserviceforapps-1"
            }
          },
          "metadata": {
            "operationMetadataId": "9b6497a9-4cd0-4638-ae8e-afdf07c5df62"
          }
        }
      },
      "actions": {
        "[Do not delete or update] Switch": {
          "type": "Switch",
          "expression": "@triggerOutputs()?['body/status']",
          "default": {
            "actions": {}
          },
          "cases": {
            "[Do not delete] Is Near Non Compliance.": {
              "actions": {
                "Update_a_row_2": {
                  "type": "OpenApiConnection",
                  "inputs": {
                    "parameters": {
                      "entityName": "incidents",
                      "recordId": "@triggerOutputs()?['body/_regarding_value']",
                      "item/prioritycode": 2,
                      "item/resolvebyslastatus": 2
                    },
                    "host": {
                      "apiId": "/providers/Microsoft.PowerApps/apis/shared_commondataserviceforapps",
                      "operationId": "UpdateOnlyRecord",
                      "connectionName": "shared_commondataserviceforapps-1"
                    }
                  },
                  "metadata": {
                    "operationMetadataId": "f6576efb-2cd0-4f81-98eb-2a3b3051a6a8"
                  }
                }
              },
              "case": 2
            },
            "[Do not delete] Is Succeeded.": {
              "actions": {
                "Update_a_row_3": {
                  "type": "OpenApiConnection",
                  "inputs": {
                    "parameters": {
                      "entityName": "incidents",
                      "recordId": "@triggerOutputs()?['body/_regarding_value']",
                      "item/prioritycode": 3,
                      "item/resolvebyslastatus": 3
                    },
                    "host": {
                      "apiId": "/providers/Microsoft.PowerApps/apis/shared_commondataserviceforapps",
                      "operationId": "UpdateOnlyRecord",
                      "connectionName": "shared_commondataserviceforapps-1"
                    }
                  },
                  "metadata": {
                    "operationMetadataId": "51a4ada8-3a85-4e3d-87ee-315cf51ab84c"
                  }
                }
              },
              "case": 4
            },
            "[Do not delete] Is Non-compliant.": {
              "actions": {
                "Update_a_row_4": {
                  "type": "OpenApiConnection",
                  "inputs": {
                    "parameters": {
                      "entityName": "incidents",
                      "recordId": "@triggerOutputs()?['body/_regarding_value']",
                      "item/prioritycode": 1,
                      "item/resolvebyslastatus": 4
                    },
                    "host": {
                      "apiId": "/providers/Microsoft.PowerApps/apis/shared_commondataserviceforapps",
                      "operationId": "UpdateOnlyRecord",
                      "connectionName": "shared_commondataserviceforapps-1"
                    }
                  },
                  "metadata": {
                    "operationMetadataId": "ea9bf994-b773-4131-a0b9-a6a6adf4d4d8"
                  }
                }
              },
              "case": 1
            }
          },
          "runAfter": {
            "Update_a_row": [
              "Succeeded"
            ]
          },
          "metadata": {
            "operationMetadataId": "54970119-c3e1-414d-87fc-6177a5b7694f"
          }
        },
        "Update_a_row": {
          "type": "OpenApiConnection",
          "inputs": {
            "parameters": {
              "entityName": "incidents",
              "recordId": "@triggerOutputs()?['body/_regarding_value']",
              "item/resolveby": "@triggerOutputs()?['body/computedfailuretime']"
            },
            "host": {
              "apiId": "/providers/Microsoft.PowerApps/apis/shared_commondataserviceforapps",
              "operationId": "UpdateOnlyRecord",
              "connectionName": "shared_commondataserviceforapps-1"
            }
          },
          "runAfter": {},
          "metadata": {
            "operationMetadataId": "26fe39ef-abfe-46e9-a8c5-d75c5cea639e"
          }
        }
      },
      "outputs": {}
    },
    "templateName": null
  },
  "schemaVersion": "1.0.0.0"
}