{
  "properties": {
    "connectionReferences": {
      "shared_commondataserviceforapps-1": {
        "api": {
          "name": "shared_commondataserviceforapps"
        },
        "connection": {
          "connectionReferenceLogicalName": "new_sharedcommondataserviceforapps_44694"
        },
        "runtimeSource": "embedded"
      }
    },
    "definition": {
      "$schema": "https://schema.management.azure.com/providers/Microsoft.Logic/schemas/2016-06-01/workflowdefinition.json#",
      "contentVersion": "1.0.0.0",
      "parameters": {
        "$authentication": {
          "defaultValue": {},
          "type": "SecureObject"
        },
        "$connections": {
          "defaultValue": {},
          "type": "Object"
        }
      },
      "triggers": {
        "[Do not delete or update] Invoked Through Execution Workflow Call": {
          "type": "OpenApiConnectionWebhook",
          "inputs": {
            "parameters": {
              "subscriptionRequest/message": 3,
              "subscriptionRequest/entityname": "slakpiinstance",
              "subscriptionRequest/scope": 4,
              "subscriptionRequest/filteringattributes": "versionnumber,createdon"
            },
            "host": {
              "apiId": "/providers/Microsoft.PowerApps/apis/shared_commondataserviceforapps",
              "operationId": "SubscribeWebhookTrigger",
              "connectionName": "shared_commondataserviceforapps-1"
            }
          },
          "metadata": {
            "operationMetadataId": "9a469627-3e0e-42ee-9514-511c3eee53a5"
          }
        }
      },
      "actions": {
        "[Do not delete or update] Switch": {
          "type": "Switch",
          "expression": "@triggerOutputs()?['body/status']",
          "default": {
            "actions": {}
          },
          "cases": {
            "[Do not delete] Is Near Non Compliance.": {
              "actions": {
                "Update_a_row_2": {
                  "type": "OpenApiConnection",
                  "inputs": {
                    "parameters": {
                      "entityName": "incidents",
                      "recordId": "@triggerOutputs()?['body/_regarding_value']",
                      "item/prioritycode": 2,
                      "item/revops_followupslastatus": 2
                    },
                    "host": {
                      "apiId": "/providers/Microsoft.PowerApps/apis/shared_commondataserviceforapps",
                      "operationId": "UpdateOnlyRecord",
                      "connectionName": "shared_commondataserviceforapps-1"
                    }
                  },
                  "metadata": {
                    "operationMetadataId": "cc637293-4e2f-46fa-baf9-a3f882ce1966"
                  }
                }
              },
              "case": 2
            },
            "[Do not delete] Is Succeeded.": {
              "actions": {
                "Update_a_row_3": {
                  "type": "OpenApiConnection",
                  "inputs": {
                    "parameters": {
                      "entityName": "incidents",
                      "recordId": "@triggerOutputs()?['body/_regarding_value']",
                      "item/prioritycode": 3,
                      "item/revops_followupslastatus": 3
                    },
                    "host": {
                      "apiId": "/providers/Microsoft.PowerApps/apis/shared_commondataserviceforapps",
                      "operationId": "UpdateOnlyRecord",
                      "connectionName": "shared_commondataserviceforapps-1"
                    }
                  },
                  "metadata": {
                    "operationMetadataId": "38d95c8f-8700-497b-8b02-002d25d87257"
                  }
                }
              },
              "case": 4
            },
            "[Do not delete] Is Non-compliant.": {
              "actions": {
                "Update_a_row_4": {
                  "type": "OpenApiConnection",
                  "inputs": {
                    "parameters": {
                      "entityName": "incidents",
                      "recordId": "@triggerOutputs()?['body/_regarding_value']",
                      "item/prioritycode": 1,
                      "item/revops_followupslastatus": 4
                    },
                    "host": {
                      "apiId": "/providers/Microsoft.PowerApps/apis/shared_commondataserviceforapps",
                      "operationId": "UpdateOnlyRecord",
                      "connectionName": "shared_commondataserviceforapps-1"
                    }
                  },
                  "metadata": {
                    "operationMetadataId": "c4273e6b-b47e-452d-8cf6-aab26d737318"
                  }
                }
              },
              "case": 1
            }
          },
          "runAfter": {
            "Update_a_row": [
              "Succeeded"
            ]
          },
          "metadata": {
            "operationMetadataId": "cec6a155-9362-4ff4-bfce-6c410ba86eec"
          }
        },
        "Update_a_row": {
          "type": "OpenApiConnection",
          "inputs": {
            "parameters": {
              "entityName": "incidents",
              "recordId": "@triggerOutputs()?['body/_regarding_value']",
              "item/followupby": "@triggerOutputs()?['body/computedfailuretime']",
              "item/revops_followupslastatus": 1
            },
            "host": {
              "apiId": "/providers/Microsoft.PowerApps/apis/shared_commondataserviceforapps",
              "operationId": "UpdateOnlyRecord",
              "connectionName": "shared_commondataserviceforapps-1"
            }
          },
          "runAfter": {},
          "metadata": {
            "operationMetadataId": "d2e44a84-ccc8-4d9e-81e9-afa25c97e80c"
          }
        }
      },
      "outputs": {}
    },
    "templateName": null
  },
  "schemaVersion": "1.0.0.0"
}