<environmentvariabledefinition schemaname="revops_baseurl">
  <defaultvalue>https://sherweb-dev.crm3.dynamics.com/</defaultvalue>
  <description default="URL of the environment to use in power automate flows.">
    <label description="URL of the environment to use in power automate flows." languagecode="1033" />
  </description>
  <displayname default="D365 Base URL">
    <label description="D365 Base URL" languagecode="1033" />
  </displayname>
  <introducedversion>1.0.0.0</introducedversion>
  <iscustomizable>1</iscustomizable>
  <isrequired>0</isrequired>
  <secretstore>0</secretstore>
  <type>100000000</type>
</environmentvariabledefinition>