<environmentvariabledefinition schemaname="revops_appid_csworkspace">
  <defaultvalue>7d62414a-069c-ee11-a569-000d3af4f898</defaultvalue>
  <description default="App ID of the Customer Service Workspace App in each environment.">
    <label description="App ID of the Customer Service Workspace App in each environment." languagecode="1033" />
  </description>
  <displayname default="App ID – CS Workspace">
    <label description="App ID – CS Workspace" languagecode="1033" />
  </displayname>
  <introducedversion>1.0.0.0</introducedversion>
  <iscustomizable>1</iscustomizable>
  <isrequired>0</isrequired>
  <secretstore>0</secretstore>
  <type>100000000</type>
</environmentvariabledefinition>