<environmentvariabledefinition schemaname="msdyn_IncidentShouldValidatePrimaryContact">
  <defaultvalue>1</defaultvalue>
  <description default="Incident should validate primary contact values 0 and 1: 1 - Contacts and Customers in Case records need to be related, 0 - Contacts and Customers in Case records don't need to be related​">
    <label description="Incident should validate primary contact values 0 and 1: 1 - Contacts and Customers in Case records need to be related, 0 - Contacts and Customers in Case records don't need to be related​" languagecode="1033" />
  </description>
  <displayname default="Customer Entities Relationship For Incidents">
    <label description="Customer Entities Relationship For Incidents" languagecode="1033" />
  </displayname>
  <introducedversion>9.0.23112.1010</introducedversion>
  <iscustomizable>1</iscustomizable>
  <isrequired>0</isrequired>
  <secretstore>0</secretstore>
  <type>100000001</type>
</environmentvariabledefinition>