<appaction uniquename="revops__CreateP2PTransfer!f032f33b4de8446ebf07e7cd6a128bf6!msdynce_saleshub!revops_cumulusorganization!2">
  <appmoduleid>
    <uniquename>msdynce_saleshub</uniquename>
  </appmoduleid>
  <buttonlabeltext default="Create P2P Transfer">
    <label description="Create P2P Transfer" languagecode="1033" />
  </buttonlabeltext>
  <context>1</context>
  <contextentity>
    <logicalname>revops_cumulusorganization</logicalname>
  </contextentity>
  <contextvalue>revops_cumulusorganization</contextvalue>
  <fonticon>$clientsvg:TaskSequence</fonticon>
  <hidden>0</hidden>
  <iscustomizable>1</iscustomizable>
  <isdisabled>0</isdisabled>
  <isgrouptitlehidden>0</isgrouptitlehidden>
  <location>2</location>
  <name>CreateP2PTransfer!f032f33b4de8446ebf07e7cd6a128bf6</name>
  <onclickeventjavascriptfunctionname>revops_openp2pTransfer</onclickeventjavascriptfunctionname>
  <onclickeventjavascriptparameters>[{"type":5},{"type":23}]</onclickeventjavascriptparameters>
  <onclickeventjavascriptwebresourceid>
    <webresourceid>c613f579-ca93-f011-b4cc-6045bdfa0630</webresourceid>
  </onclickeventjavascriptwebresourceid>
  <onclickeventtype>2</onclickeventtype>
  <origin>0</origin>
  <sequence>100105053.5000000000</sequence>
  <statecode>0</statecode>
  <statuscode>1</statuscode>
  <type>0</type>
  <visibilityformulacomponentlibraryid>
    <name>revops_saleshubdefaultcommandlibrary_cfb79</name>
  </visibilityformulacomponentlibraryid>
  <visibilityformulacomponentname>35375ed0f9334cccbe1a6c71a5ca4803</visibilityformulacomponentname>
  <visibilityformulafunctionname>Visible</visibilityformulafunctionname>
  <visibilitytype>1</visibilitytype>
</appaction>