<appaction uniquename="revops__Copy!53823197464e458aba5e1fa34c18dbf9!revops_utmlink!0">
  <buttonaccessibilitytext default="Copy UTM Link">
    <label description="Copy UTM Link" languagecode="1033" />
  </buttonaccessibilitytext>
  <buttonlabeltext default="Copy Link">
    <label description="Copy Link" languagecode="1033" />
  </buttonlabeltext>
  <buttontooltiptitle default="Copy UTM Link">
    <label description="Copy UTM Link" languagecode="1033" />
  </buttontooltiptitle>
  <context>1</context>
  <contextentity>
    <logicalname>revops_utmlink</logicalname>
  </contextentity>
  <contextvalue>revops_utmlink</contextvalue>
  <fonticon>CopyLink</fonticon>
  <hidden>0</hidden>
  <iscustomizable>1</iscustomizable>
  <isdisabled>0</isdisabled>
  <isgrouptitlehidden>0</isgrouptitlehidden>
  <location>0</location>
  <name>Copy!53823197464e458aba5e1fa34c18dbf9</name>
  <onclickeventjavascriptfunctionname>copyToClipboard</onclickeventjavascriptfunctionname>
  <onclickeventjavascriptparameters>[]</onclickeventjavascriptparameters>
  <onclickeventjavascriptwebresourceid>
    <webresourceid>78e04b75-41cf-ee11-904d-000d3a09cd45</webresourceid>
  </onclickeventjavascriptwebresourceid>
  <onclickeventtype>2</onclickeventtype>
  <origin>0</origin>
  <sequence>100100005.5000000000</sequence>
  <statecode>0</statecode>
  <statuscode>1</statuscode>
  <type>0</type>
  <visibilitytype>0</visibilitytype>
</appaction>