<aiskillconfig uniquename="ais_FormFillFieldOptOut_revops_mwhaccount_revops_city">
  <aiskill>FormFillFieldOptOut</aiskill>
  <attribute>
    <entityid.logicalname>revops_mwhaccount</entityid.logicalname>
    <logicalname>revops_city</logicalname>
  </attribute>
  <description>revops_mwhaccount - City Form fill opt out</description>
  <entity>
    <logicalname>revops_mwhaccount</logicalname>
  </entity>
  <iscustomizable>1</iscustomizable>
  <scope>1</scope>
  <statecode>0</statecode>
  <statuscode>1</statuscode>
</aiskillconfig>