{
  "properties": {
    "connectionReferences": {
      "shared_commondataserviceforapps": {
        "api": {
          "name": "shared_commondataserviceforapps"
        },
        "connection": {
          "connectionReferenceLogicalName": "revops_sharedcommondataserviceforapps_bccd6"
        },
        "runtimeSource": "embedded"
      }
    },
    "definition": {
      "$schema": "https://schema.management.azure.com/providers/Microsoft.Logic/schemas/2016-06-01/workflowdefinition.json#",
      "contentVersion": "1.0.0.0",
      "parameters": {
        "$authentication": {
          "defaultValue": {},
          "type": "SecureObject"
        },
        "$connections": {
          "defaultValue": {},
          "type": "Object"
        }
      },
      "triggers": {
        "When_an_action_is_performed": {
          "type": "OpenApiConnectionWebhook",
          "inputs": {
            "parameters": {
              "catalog": "msdynmkt_catalog",
              "category": "msdynmkt_custom",
              "subscriptionRequest/entityname": "none",
              "subscriptionRequest/sdkmessagename": "msdynmkt_sherweb_honeypotdisqualify_173952830"
            },
            "host": {
              "apiId": "/providers/Microsoft.PowerApps/apis/shared_commondataserviceforapps",
              "operationId": "BusinessEventsTrigger",
              "connectionName": "shared_commondataserviceforapps"
            }
          },
          "metadata": {
            "operationMetadataId": "6dcd9ead-8da7-41f9-b221-0151d97314c0"
          }
        }
      },
      "actions": {
        "Update_a_row": {
          "type": "OpenApiConnection",
          "inputs": {
            "parameters": {
              "entityName": "leads",
              "recordId": "@triggerOutputs()?['body/InputParameters/msdynmkt_profileid']",
              "item/statecode": 2,
              "item/statuscode": 234570006
            },
            "host": {
              "apiId": "/providers/Microsoft.PowerApps/apis/shared_commondataserviceforapps",
              "operationId": "UpdateRecord",
              "connectionName": "shared_commondataserviceforapps"
            }
          },
          "runAfter": {},
          "metadata": {
            "operationMetadataId": "73091381-b4c5-44d9-91f5-80a1b83cc1ad"
          }
        }
      },
      "outputs": {}
    },
    "templateName": null
  },
  "schemaVersion": "1.0.0.0"
}