{
  "properties": {
    "connectionReferences": {
      "shared_commondataserviceforapps": {
        "api": {
          "name": "shared_commondataserviceforapps"
        },
        "connection": {
          "connectionReferenceLogicalName": "revops_sharedcommondataserviceforapps_bccd6"
        },
        "runtimeSource": "embedded"
      }
    },
    "definition": {
      "$schema": "https://schema.management.azure.com/providers/Microsoft.Logic/schemas/2016-06-01/workflowdefinition.json#",
      "contentVersion": "1.0.0.0",
      "parameters": {
        "$authentication": {
          "defaultValue": {},
          "type": "SecureObject"
        },
        "$connections": {
          "defaultValue": {},
          "type": "Object"
        }
      },
      "triggers": {
        "When_a_row_is_added,_modified_or_deleted": {
          "type": "OpenApiConnectionWebhook",
          "inputs": {
            "parameters": {
              "subscriptionRequest/message": 4,
              "subscriptionRequest/entityname": "lead",
              "subscriptionRequest/scope": 4,
              "subscriptionRequest/filteringattributes": "address2_country",
              "subscriptionRequest/filterexpression": "_revops_territory_value eq null and address2_country eq 'UK'",
              "subscriptionRequest/name": "c4942a87-cdc0-f011-bbd3-7ced8d061554"
            },
            "host": {
              "apiId": "/providers/Microsoft.PowerApps/apis/shared_commondataserviceforapps",
              "operationId": "SubscribeWebhookTrigger",
              "connectionName": "shared_commondataserviceforapps"
            }
          },
          "metadata": {
            "operationMetadataId": "3845d29d-a709-4668-98ae-f7bcd12f8dce"
          }
        }
      },
      "actions": {
        "Update_territory_on_lead": {
          "type": "OpenApiConnection",
          "inputs": {
            "parameters": {
              "entityName": "leads",
              "recordId": "@triggerOutputs()?['body/leadid']",
              "item/revops_territory@odata.bind": "/territories(262ba8b8-45b0-f011-bbd3-7ced8d3656aa)"
            },
            "host": {
              "apiId": "/providers/Microsoft.PowerApps/apis/shared_commondataserviceforapps",
              "operationId": "UpdateOnlyRecord",
              "connectionName": "shared_commondataserviceforapps"
            }
          },
          "runAfter": {},
          "metadata": {
            "operationMetadataId": "15b8ff97-a40a-48a7-a2b0-35bd3a9127d2"
          }
        }
      }
    },
    "templateName": null
  },
  "schemaVersion": "1.0.0.0"
}