{
  "properties": {
    "connectionReferences": {
      "shared_commondataserviceforapps": {
        "runtimeSource": "embedded",
        "connection": {
          "connectionReferenceLogicalName": "new_sharedcommondataserviceforapps_c5511"
        },
        "api": {
          "name": "shared_commondataserviceforapps"
        }
      }
    },
    "definition": {
      "$schema": "https://schema.management.azure.com/providers/Microsoft.Logic/schemas/2016-06-01/workflowdefinition.json#",
      "contentVersion": "1.0.0.0",
      "parameters": {
        "$connections": {
          "defaultValue": {},
          "type": "Object"
        },
        "$authentication": {
          "defaultValue": {},
          "type": "SecureObject"
        }
      },
      "triggers": {
        "When_a_row_is_added,_modified_or_deleted_-_sherweb_opp_bpf": {
          "metadata": {
            "operationMetadataId": "e15041e2-a77d-4580-a7f4-57ce8bd67153"
          },
          "type": "OpenApiConnectionWebhook",
          "inputs": {
            "parameters": {
              "subscriptionRequest/message": 7,
              "subscriptionRequest/entityname": "revops_sherwebopportunitybpf",
              "subscriptionRequest/scope": 4,
              "subscriptionRequest/name": "633172f5-c29e-f011-bbd2-7ced8d061554"
            },
            "host": {
              "connectionName": "shared_commondataserviceforapps",
              "operationId": "SubscribeWebhookTrigger",
              "apiId": "/providers/Microsoft.PowerApps/apis/shared_commondataserviceforapps"
            },
            "authentication": "@parameters('$authentication')"
          }
        }
      },
      "actions": {
        "Update_a_row_-_opportunity_to_set_BPF": {
          "runAfter": {
            "Get_a_row_by_ID_-_check_name_of_active_stage": [
              "Succeeded"
            ]
          },
          "metadata": {
            "operationMetadataId": "ed209357-61b5-409b-a7e9-e0eec7fc066c"
          },
          "type": "OpenApiConnection",
          "inputs": {
            "parameters": {
              "entityName": "opportunities",
              "recordId": "@triggerOutputs()?['body/_bpf_opportunityid_value']",
              "item/revops_currentbpfstage": "@outputs('Get_a_row_by_ID_-_check_name_of_active_stage')?['body/stagename']"
            },
            "host": {
              "connectionName": "shared_commondataserviceforapps",
              "operationId": "UpdateOnlyRecord",
              "apiId": "/providers/Microsoft.PowerApps/apis/shared_commondataserviceforapps"
            },
            "authentication": "@parameters('$authentication')"
          }
        },
        "Get_a_row_by_ID_-_check_name_of_active_stage": {
          "runAfter": {},
          "metadata": {
            "operationMetadataId": "c2733924-8a7b-4e98-985d-c9d3f90c70c9"
          },
          "type": "OpenApiConnection",
          "inputs": {
            "parameters": {
              "entityName": "processstages",
              "recordId": "@triggerOutputs()?['body/_activestageid_value']"
            },
            "host": {
              "connectionName": "shared_commondataserviceforapps",
              "operationId": "GetItem",
              "apiId": "/providers/Microsoft.PowerApps/apis/shared_commondataserviceforapps"
            },
            "authentication": "@parameters('$authentication')"
          }
        }
      }
    },
    "templateName": ""
  },
  "schemaVersion": "1.0.0.0"
}