<environmentvariabledefinition schemaname="revops_queuecloudpbx">
  <description default="environment variable for the queue - Queue - CloudPBX">
    <label description="environment variable for the queue - Queue - CloudPBX" languagecode="1033" />
  </description>
  <displayname default="Queue - CloudPBX">
    <label description="Queue - CloudPBX" languagecode="1033" />
  </displayname>
  <introducedversion>1.0.0.0</introducedversion>
  <iscustomizable>1</iscustomizable>
  <isrequired>0</isrequired>
  <secretstore>0</secretstore>
  <type>100000000</type>
</environmentvariabledefinition>