<aiskillconfig uniquename="ais_FormFillFieldOptOut_revops_solutionprovider_revops_website">
  <aiskill>FormFillFieldOptOut</aiskill>
  <attribute>
    <entityid.logicalname>revops_solutionprovider</entityid.logicalname>
    <logicalname>revops_website</logicalname>
  </attribute>
  <description>revops_solutionprovider - Website Form fill opt out</description>
  <entity>
    <logicalname>revops_solutionprovider</logicalname>
  </entity>
  <iscustomizable>1</iscustomizable>
  <scope>1</scope>
  <statecode>0</statecode>
  <statuscode>1</statuscode>
</aiskillconfig>