<CalendarData><calendar id="1d208560-e5ee-ef11-be20-7ced8d063295"><calendarid>1d208560-e5ee-ef11-be20-7ced8d063295</calendarid><name>Sales - CST</name><holidayschedulecalendarid></holidayschedulecalendarid><type>1</type><description>Sales - CST hours of operation</description><CalendarRules><calendarrule id="18252d6f-e5ee-ef11-be20-7ced8d063295"><calendarruleid>18252d6f-e5ee-ef11-be20-7ced8d063295</calendarruleid><name></name><calendarid>1d208560-e5ee-ef11-be20-7ced8d063295</calendarid><innercalendarid>2a4b986d-c3ca-4b52-ac08-40abec9e9b31</innercalendarid><pattern>FREQ=WEEKLY;INTERVAL=1;BYDAY=MO,TU,WE,TH,FR</pattern><offset>0</offset><timecode>0</timecode><subcode>0</subcode><endtime>1/1/0001 12:00:00 AM</endtime><starttime>12/31/1999 12:00:00 AM</starttime><timezonecode>35</timezonecode><issimple>False</issimple><rank>2</rank><duration>1440</duration><extentcode>0</extentcode><groupdesignator>FC5769FC-4DE9-445d-8F4E-6E9869E60857</groupdesignator><effectiveintervalstart>1/1/0001 12:00:00 AM</effectiveintervalstart><effectiveintervalend>12/30/9999 11:59:59 PM</effectiveintervalend><isvaried>False</isvaried><isselected>True</isselected><effort>0</effort></calendarrule></CalendarRules></calendar><calendar id="2a4b986d-c3ca-4b52-ac08-40abec9e9b31"><calendarid>2a4b986d-c3ca-4b52-ac08-40abec9e9b31</calendarid><name></name><holidayschedulecalendarid></holidayschedulecalendarid><type>-1</type><description></description><CalendarRules><calendarrule id="0a252d6f-e5ee-ef11-be20-7ced8d063295"><calendarruleid>0a252d6f-e5ee-ef11-be20-7ced8d063295</calendarruleid><name></name><calendarid>2a4b986d-c3ca-4b52-ac08-40abec9e9b31</calendarid><innercalendarid></innercalendarid><pattern></pattern><offset>480</offset><timecode>0</timecode><subcode>1</subcode><endtime>1/1/0001 12:00:00 AM</endtime><starttime>1/1/0001 12:00:00 AM</starttime><timezonecode>-1</timezonecode><issimple>True</issimple><rank>0</rank><duration>600</duration><extentcode>0</extentcode><groupdesignator></groupdesignator><effectiveintervalstart>1/1/0001 12:00:00 AM</effectiveintervalstart><effectiveintervalend>1/1/0001 12:00:00 AM</effectiveintervalend><isvaried>False</isvaried><isselected>False</isselected><effort>1</effort></calendarrule></CalendarRules></calendar></CalendarData>