<CalendarData><calendar id="1986a312-abce-ef11-a72e-7c1e52063863"><calendarid>1986a312-abce-ef11-a72e-7c1e52063863</calendarid><name>Billing</name><holidayschedulecalendarid></holidayschedulecalendarid><type>1</type><description>Billing Hours of operation</description><CalendarRules><calendarrule id="7756f425-abce-ef11-a72e-7c1e52063863"><calendarruleid>7756f425-abce-ef11-a72e-7c1e52063863</calendarruleid><name></name><calendarid>1986a312-abce-ef11-a72e-7c1e52063863</calendarid><innercalendarid>182ada78-ef9a-41dd-842b-67f12378aafa</innercalendarid><pattern>FREQ=WEEKLY;INTERVAL=1;BYDAY=MO,TU,WE,TH,FR</pattern><offset>0</offset><timecode>0</timecode><subcode>0</subcode><endtime>1/1/0001 12:00:00 AM</endtime><starttime>1/1/2000 12:00:00 AM</starttime><timezonecode>35</timezonecode><issimple>False</issimple><rank>2</rank><duration>1440</duration><extentcode>0</extentcode><groupdesignator>FC5769FC-4DE9-445d-8F4E-6E9869E60857</groupdesignator><effectiveintervalstart>1/1/0001 12:00:00 AM</effectiveintervalstart><effectiveintervalend>12/30/9999 11:59:59 PM</effectiveintervalend><isvaried>False</isvaried><isselected>True</isselected><effort>0</effort></calendarrule></CalendarRules></calendar><calendar id="182ada78-ef9a-41dd-842b-67f12378aafa"><calendarid>182ada78-ef9a-41dd-842b-67f12378aafa</calendarid><name></name><holidayschedulecalendarid></holidayschedulecalendarid><type>-1</type><description></description><CalendarRules><calendarrule id="7256f425-abce-ef11-a72e-7c1e52063863"><calendarruleid>7256f425-abce-ef11-a72e-7c1e52063863</calendarruleid><name></name><calendarid>182ada78-ef9a-41dd-842b-67f12378aafa</calendarid><innercalendarid></innercalendarid><pattern></pattern><offset>480</offset><timecode>0</timecode><subcode>1</subcode><endtime>1/1/0001 12:00:00 AM</endtime><starttime>1/1/0001 12:00:00 AM</starttime><timezonecode>-1</timezonecode><issimple>True</issimple><rank>0</rank><duration>540</duration><extentcode>0</extentcode><groupdesignator></groupdesignator><effectiveintervalstart>1/1/0001 12:00:00 AM</effectiveintervalstart><effectiveintervalend>1/1/0001 12:00:00 AM</effectiveintervalend><isvaried>False</isvaried><isselected>False</isselected><effort>1</effort></calendarrule></CalendarRules></calendar></CalendarData>