<aiskillconfig uniquename="ais_FormFillFieldOptOut_revops_transfer_revops_migrationreqdestinationenvlinkedtoorg">
  <aiskill>FormFillFieldOptOut</aiskill>
  <attribute>
    <entityid.logicalname>revops_transfer</entityid.logicalname>
    <logicalname>revops_migrationreqdestinationenvlinkedtoorg</logicalname>
  </attribute>
  <description>revops_transfer - Destination environment linked to Org Form fill opt out</description>
  <entity>
    <logicalname>revops_transfer</logicalname>
  </entity>
  <iscustomizable>1</iscustomizable>
  <scope>1</scope>
  <statecode>0</statecode>
  <statuscode>1</statuscode>
</aiskillconfig>