<catalogassignments>
  <catalogassignment catalogid.uniquename="msdynmkt_custom" object.uniquename="msdynmkt_06b485d2c63842ae950e6a02512766bd" objectidtype="customapi">
    <iscustomizable>1</iscustomizable>
    <name>msdynmkt_06b485d2c63842ae950e6a02512766bd</name>
  </catalogassignment>
  <catalogassignment catalogid.uniquename="msdynmkt_custom" object.uniquename="msdynmkt_sherweb_contactdatamapping_144625265" objectidtype="customapi">
    <iscustomizable>1</iscustomizable>
    <name>msdynmkt_sherweb_contactdatamapping_144625265</name>
  </catalogassignment>
  <catalogassignment catalogid.uniquename="msdynmkt_custom" object.uniquename="msdynmkt_sherweb_honeypotdisqualify_173952830" objectidtype="customapi">
    <iscustomizable>1</iscustomizable>
    <name>msdynmkt_sherweb_honeypotdisqualify_173952830</name>
  </catalogassignment>
</catalogassignments>