<aiskillconfig uniquename="ais_FormFillFieldOptOut_revops_smeengagement_revops_solution">
  <aiskill>FormFillFieldOptOut</aiskill>
  <attribute>
    <entityid.logicalname>revops_smeengagement</entityid.logicalname>
    <logicalname>revops_solution</logicalname>
  </attribute>
  <description>revops_smeengagement - Solution Form fill opt out</description>
  <entity>
    <logicalname>revops_smeengagement</logicalname>
  </entity>
  <iscustomizable>1</iscustomizable>
  <scope>1</scope>
  <statecode>0</statecode>
  <statuscode>1</statuscode>
</aiskillconfig>