<customapi uniquename="msdynmkt_sherweb_honeypotdisqualify_173952830">
  <allowedcustomprocessingsteptype>1</allowedcustomprocessingsteptype>
  <bindingtype>0</bindingtype>
  <description default="Honeypot field to disqualify bots on lead forms">
    <label description="Honeypot field to disqualify bots on lead forms" languagecode="1033" />
  </description>
  <displayname default="Sherweb - Honeypot disqualify">
    <label description="Sherweb - Honeypot disqualify" languagecode="1033" />
  </displayname>
  <iscustomizable>1</iscustomizable>
  <isfunction>0</isfunction>
  <isprivate>0</isprivate>
  <name>Sherweb - Honeypot disqualify</name>
  <workflowsdkstepenabled>0</workflowsdkstepenabled>
</customapi>